Antecedents,Consequents,Support,Confidence,Lift
"['Mild Stress', 'Low TN']",['Moderate PreTest'],0.0049504950495049506,1.0,3.8846153846153846
"['Low CN', 'Moderate TP', 'High CRF']",['Moderate PreTest'],0.0049504950495049506,1.0,3.8846153846153846
"['Severe Anxiety', 'Low TN']",['Moderate PreTest'],0.0049504950495049506,0.5,1.9423076923076923
['Low TP'],['High PreTest'],0.009900990099009901,1.0,1.3557046979865772
['Severe Depression'],['High PreTest'],0.0049504950495049506,1.0,1.3557046979865772
"['Low TP', 'Moderate ESF']",['High PreTest'],0.0049504950495049506,1.0,1.3557046979865772
"['Low TP', 'Normal Stress']",['High PreTest'],0.0049504950495049506,1.0,1.3557046979865772
"['Mild Stress', 'Mild Anxiety']",['High PreTest'],0.0049504950495049506,1.0,1.3557046979865772
"['Mild Anxiety', 'Moderate Depression']",['High PreTest'],0.009900990099009901,1.0,1.3557046979865772
"['Mild Anxiety', 'Moderate PostTest']",['High PreTest'],0.0049504950495049506,1.0,1.3557046979865772
"['Normal Anxiety', 'Moderate Depression']",['High PreTest'],0.0049504950495049506,1.0,1.3557046979865772
"['Mild Anxiety', 'High CP', 'Moderate Depression']",['High PreTest'],0.0049504950495049506,1.0,1.3557046979865772
"['Moderate PostTest', 'Moderate CN', 'High CP']",['High PreTest'],0.0049504950495049506,1.0,1.3557046979865772
"['Normal Stress', 'High CP', 'Moderate Depression']",['High PreTest'],0.009900990099009901,1.0,1.3557046979865772
"['Moderate PostTest', 'Moderate TN', 'High CP']",['High PreTest'],0.0049504950495049506,1.0,1.3557046979865772
"['Severe Anxiety', 'Normal Depression', 'High CP']",['High PreTest'],0.0049504950495049506,1.0,1.3557046979865772
"['Moderate ESF', 'Moderate CP', 'High CRF']",['High PreTest'],0.009900990099009901,1.0,1.3557046979865772
"['Normal Stress', 'High CRF', 'Moderate Depression']",['High PreTest'],0.0049504950495049506,1.0,1.3557046979865772
"['Moderate ESF', 'Moderate TP', 'High CRF']",['High PreTest'],0.009900990099009901,1.0,1.3557046979865772
"['Moderate ESF', 'High CRF', 'Severe Anxiety']",['High PreTest'],0.0049504950495049506,1.0,1.3557046979865772
"['High CRF', 'Moderate TN', 'Normal Anxiety']",['High PreTest'],0.009900990099009901,1.0,1.3557046979865772
"['High ESF', 'Mild Stress', 'High PostTest']",['High PreTest'],0.0049504950495049506,1.0,1.3557046979865772
"['High TP', 'High ESF', 'Moderate CN']",['High PreTest'],0.009900990099009901,1.0,1.3557046979865772
"['High ESF', 'Moderate CN', 'Normal Anxiety']",['High PreTest'],0.0049504950495049506,1.0,1.3557046979865772
"['Moderate CP', 'High ESF', 'Normal Anxiety']",['High PreTest'],0.0049504950495049506,1.0,1.3557046979865772
"['Moderate CRF', 'High ESF', 'Normal Anxiety']",['High PreTest'],0.009900990099009901,1.0,1.3557046979865772
"['High ESF', 'Moderate TN', 'Normal Anxiety']",['High PreTest'],0.0049504950495049506,1.0,1.3557046979865772
"['High ESF', 'Normal Depression', 'Moderate TN']",['High PreTest'],0.009900990099009901,1.0,1.3557046979865772
"['Moderate TP', 'Mild Stress', 'High PostTest']",['High PreTest'],0.009900990099009901,1.0,1.3557046979865772
"['Moderate Depression', 'Negative Delta', 'High PostTest']",['High PreTest'],0.009900990099009901,1.0,1.3557046979865772
"['High TP', 'Moderate CP', 'Mild Anxiety']",['High PreTest'],0.009900990099009901,1.0,1.3557046979865772
"['High TP', 'Mild Anxiety', 'Moderate Depression']",['High PreTest'],0.0049504950495049506,1.0,1.3557046979865772
"['High TP', 'Normal Stress', 'Moderate Depression']",['High PreTest'],0.009900990099009901,1.0,1.3557046979865772
"['Low CN', 'Moderate ESF', 'Moderate Depression']",['High PreTest'],0.0049504950495049506,1.0,1.3557046979865772
"['Normal Anxiety', 'Moderate TN', 'Low ESF']",['High PreTest'],0.0049504950495049506,1.0,1.3557046979865772
"['Moderate Anxiety', 'Moderate CP', 'Low TN']",['High PreTest'],0.009900990099009901,1.0,1.3557046979865772
"['Moderate Anxiety', 'Moderate TP', 'Low TN']",['High PreTest'],0.009900990099009901,1.0,1.3557046979865772
"['Moderate CP', 'Negative Delta', 'Mild Anxiety']",['High PreTest'],0.0049504950495049506,1.0,1.3557046979865772
"['Positive Delta', 'Mild Anxiety', 'Moderate Depression']",['High PreTest'],0.0049504950495049506,1.0,1.3557046979865772
"['Mild Depression', 'Negative Delta', 'Moderate CN']",['High PreTest'],0.0049504950495049506,1.0,1.3557046979865772
"['Mild Depression', 'Moderate CP', 'Negative Delta']",['High PreTest'],0.0049504950495049506,1.0,1.3557046979865772
"['Mild Depression', 'Negative Delta', 'Moderate TN']",['High PreTest'],0.0049504950495049506,1.0,1.3557046979865772
"['Moderate ESF', 'Mild Stress', 'Moderate TP']",['High PreTest'],0.0049504950495049506,1.0,1.3557046979865772
"['Negative Delta', 'Moderate CN', 'Normal Anxiety']",['High PreTest'],0.0049504950495049506,1.0,1.3557046979865772
"['Moderate CP', 'Negative Delta', 'Moderate Depression']",['High PreTest'],0.0049504950495049506,1.0,1.3557046979865772
"['Negative Delta', 'Moderate TN', 'Normal Anxiety']",['High PreTest'],0.009900990099009901,1.0,1.3557046979865772
"['Moderate CRF', 'High ESF', 'Moderate TN', 'High CP']",['High PreTest'],0.0049504950495049506,1.0,1.3557046979865772
"['Moderate CRF', 'High ESF', 'High CP', 'Normal Anxiety']",['High PreTest'],0.0049504950495049506,1.0,1.3557046979865772
"['Low CN', 'Moderate Depression', 'High CP', 'High PostTest']",['High PreTest'],0.009900990099009901,1.0,1.3557046979865772
"['Moderate Depression', 'Normal Stress', 'High CP', 'High PostTest']",['High PreTest'],0.0049504950495049506,1.0,1.3557046979865772
"['Low CN', 'Moderate CRF', 'High CP', 'Moderate Depression']",['High PreTest'],0.0049504950495049506,1.0,1.3557046979865772
"['Low CN', 'Positive Delta', 'High CP', 'Moderate Depression']",['High PreTest'],0.0049504950495049506,1.0,1.3557046979865772
"['Moderate ESF', 'Moderate TP', 'Low TN', 'High CP']",['High PreTest'],0.0049504950495049506,1.0,1.3557046979865772
"['Mild Depression', 'Moderate CRF', 'High CP', 'Normal Anxiety']",['High PreTest'],0.009900990099009901,1.0,1.3557046979865772
"['Moderate CRF', 'Normal Stress', 'High CP', 'Moderate Depression']",['High PreTest'],0.0049504950495049506,1.0,1.3557046979865772
"['Positive Delta', 'Normal Stress', 'High CP', 'Moderate Depression']",['High PreTest'],0.0049504950495049506,1.0,1.3557046979865772
"['Low CN', 'Moderate TN', 'High CRF', 'Moderate ESF']",['High PreTest'],0.0049504950495049506,1.0,1.3557046979865772
"['Low CN', 'Normal Depression', 'High CRF', 'Moderate TN']",['High PreTest'],0.0049504950495049506,1.0,1.3557046979865772
"['Low CN', 'Positive Delta', 'High CRF', 'Moderate TN']",['High PreTest'],0.0049504950495049506,1.0,1.3557046979865772
"['Moderate Anxiety', 'Moderate CN', 'High CRF', 'Normal Depression']",['High PreTest'],0.0049504950495049506,1.0,1.3557046979865772
"['Moderate Anxiety', 'Normal Depression', 'High CRF', 'Moderate TN']",['High PreTest'],0.0049504950495049506,1.0,1.3557046979865772
"['Moderate Anxiety', 'Normal Stress', 'High CRF', 'Moderate TN']",['High PreTest'],0.0049504950495049506,1.0,1.3557046979865772
"['Moderate CN', 'High CRF', 'Normal Depression', 'Normal Anxiety']",['High PreTest'],0.0049504950495049506,1.0,1.3557046979865772
"['Moderate ESF', 'Moderate CP', 'Positive Delta', 'High CRF']",['High PreTest'],0.0049504950495049506,1.0,1.3557046979865772
"['Moderate ESF', 'High CRF', 'Moderate TN', 'Normal Anxiety']",['High PreTest'],0.0049504950495049506,1.0,1.3557046979865772
"['Moderate ESF', 'Moderate TP', 'High CRF', 'Normal Depression']",['High PreTest'],0.0049504950495049506,1.0,1.3557046979865772
"['Moderate ESF', 'Moderate TP', 'Normal Stress', 'High CRF']",['High PreTest'],0.0049504950495049506,1.0,1.3557046979865772
"['Moderate ESF', 'Moderate TP', 'Positive Delta', 'High CRF']",['High PreTest'],0.0049504950495049506,1.0,1.3557046979865772
"['Moderate ESF', 'Negative Delta', 'High CRF', 'Normal Anxiety']",['High PreTest'],0.0049504950495049506,1.0,1.3557046979865772
"['Moderate ESF', 'Negative Delta', 'High CRF', 'Normal Depression']",['High PreTest'],0.009900990099009901,1.0,1.3557046979865772
"['Normal Depression', 'High CRF', 'Moderate TN', 'Normal Anxiety']",['High PreTest'],0.0049504950495049506,1.0,1.3557046979865772
"['Negative Delta', 'High CRF', 'Normal Depression', 'Normal Anxiety']",['High PreTest'],0.0049504950495049506,1.0,1.3557046979865772
"['High TP', 'High ESF', 'Moderate CN', 'High PostTest']",['High PreTest'],0.0049504950495049506,1.0,1.3557046979865772
"['Moderate CRF', 'High ESF', 'Moderate TN', 'High PostTest']",['High PreTest'],0.009900990099009901,1.0,1.3557046979865772
"['Moderate CRF', 'High ESF', 'Negative Delta', 'High PostTest']",['High PreTest'],0.0049504950495049506,1.0,1.3557046979865772
"['High TP', 'High ESF', 'Positive Delta', 'Moderate CN']",['High PreTest'],0.0049504950495049506,1.0,1.3557046979865772
"['High TP', 'Moderate CRF', 'High ESF', 'Moderate TN']",['High PreTest'],0.0049504950495049506,1.0,1.3557046979865772
"['High TP', 'High ESF', 'Normal Depression', 'Moderate TN']",['High PreTest'],0.0049504950495049506,1.0,1.3557046979865772
"['High TP', 'High ESF', 'Positive Delta', 'Moderate TN']",['High PreTest'],0.009900990099009901,1.0,1.3557046979865772
"['Moderate CRF', 'High ESF', 'Positive Delta', 'Normal Anxiety']",['High PreTest'],0.0049504950495049506,1.0,1.3557046979865772
"['High TP', 'Normal Stress', 'Moderate Depression', 'High PostTest']",['High PreTest'],0.0049504950495049506,1.0,1.3557046979865772
"['Low CN', 'Moderate CRF', 'Moderate Depression', 'High PostTest']",['High PreTest'],0.009900990099009901,1.0,1.3557046979865772
"['Low CN', 'Normal Stress', 'Moderate Depression', 'High PostTest']",['High PreTest'],0.009900990099009901,1.0,1.3557046979865772
"['Moderate Anxiety', 'Moderate TP', 'Negative Delta', 'High PostTest']",['High PreTest'],0.0049504950495049506,1.0,1.3557046979865772
"['Moderate Depression', 'Moderate CRF', 'Negative Delta', 'High PostTest']",['High PreTest'],0.0049504950495049506,1.0,1.3557046979865772
"['Moderate Depression', 'Negative Delta', 'Moderate ESF', 'High PostTest']",['High PreTest'],0.0049504950495049506,1.0,1.3557046979865772
"['Normal Anxiety', 'Negative Delta', 'Moderate TN', 'High PostTest']",['High PreTest'],0.0049504950495049506,1.0,1.3557046979865772
"['High TP', 'Low CN', 'Moderate TN', 'Normal Anxiety']",['High PreTest'],0.0049504950495049506,1.0,1.3557046979865772
"['High TP', 'Moderate CN', 'Normal Depression', 'Low ESF']",['High PreTest'],0.0049504950495049506,1.0,1.3557046979865772
"['High TP', 'Moderate CP', 'Negative Delta', 'Low TN']",['High PreTest'],0.0049504950495049506,1.0,1.3557046979865772
"['High TP', 'Moderate CP', 'Mild Anxiety', 'Normal Depression']",['High PreTest'],0.0049504950495049506,1.0,1.3557046979865772
"['High TP', 'Moderate CRF', 'Moderate CN', 'Moderate PostTest']",['High PreTest'],0.0049504950495049506,1.0,1.3557046979865772
"['High TP', 'Moderate PostTest', 'Moderate CN', 'Moderate ESF']",['High PreTest'],0.0049504950495049506,1.0,1.3557046979865772
"['High TP', 'Normal Stress', 'Moderate CN', 'Moderate PostTest']",['High PreTest'],0.0049504950495049506,1.0,1.3557046979865772
"['High TP', 'Moderate CRF', 'Normal Stress', 'Moderate Depression']",['High PreTest'],0.0049504950495049506,1.0,1.3557046979865772
"['High TP', 'Moderate CRF', 'Negative Delta', 'Severe Anxiety']",['High PreTest'],0.0049504950495049506,1.0,1.3557046979865772
"['High TP', 'Positive Delta', 'Normal Stress', 'Moderate Depression']",['High PreTest'],0.0049504950495049506,1.0,1.3557046979865772
"['High TP', 'Moderate TN', 'Moderate PostTest', 'Moderate ESF']",['High PreTest'],0.0049504950495049506,1.0,1.3557046979865772
"['High TP', 'Negative Delta', 'Severe Anxiety', 'Moderate ESF']",['High PreTest'],0.0049504950495049506,1.0,1.3557046979865772
"['High TP', 'Normal Depression', 'Moderate TN', 'Moderate PostTest']",['High PreTest'],0.0049504950495049506,1.0,1.3557046979865772
"['High TP', 'Moderate TN', 'Normal Stress', 'Moderate PostTest']",['High PreTest'],0.0049504950495049506,1.0,1.3557046979865772
"['High TP', 'Negative Delta', 'Moderate TN', 'Normal Anxiety']",['High PreTest'],0.0049504950495049506,1.0,1.3557046979865772
"['Low CN', 'Moderate CRF', 'Negative Delta', 'Mild Anxiety']",['High PreTest'],0.0049504950495049506,1.0,1.3557046979865772
"['Low CN', 'Moderate CP', 'Negative Delta', 'Moderate Anxiety']",['High PreTest'],0.0049504950495049506,1.0,1.3557046979865772
"['Low CN', 'Moderate CP', 'Moderate Anxiety', 'Normal Depression']",['High PreTest'],0.0049504950495049506,1.0,1.3557046979865772
"['Low CN', 'Negative Delta', 'Moderate Anxiety', 'Normal Depression']",['High PreTest'],0.009900990099009901,1.0,1.3557046979865772
"['Moderate CRF', 'Negative Delta', 'Mild Anxiety', 'Low TN']",['High PreTest'],0.0049504950495049506,1.0,1.3557046979865772
"['Moderate ESF', 'Mild Depression', 'Moderate TP', 'Low TN']",['High PreTest'],0.0049504950495049506,1.0,1.3557046979865772
"['Moderate Anxiety', 'Moderate CP', 'Low TN', 'Moderate ESF']",['High PreTest'],0.0049504950495049506,1.0,1.3557046979865772
"['Moderate Anxiety', 'Moderate TP', 'Low TN', 'Moderate ESF']",['High PreTest'],0.0049504950495049506,1.0,1.3557046979865772
['High CN'],['Moderate PreTest'],0.0049504950495049506,0.33333333333333337,1.294871794871795
['Moderate Stress'],['Moderate PreTest'],0.0049504950495049506,0.33333333333333337,1.294871794871795
"['Low CN', 'Mild Stress']",['Moderate PreTest'],0.0049504950495049506,0.33333333333333337,1.294871794871795
"['Mild Stress', 'Normal Depression']",['Moderate PreTest'],0.0049504950495049506,0.33333333333333337,1.294871794871795
"['Moderate TP', 'Low TN', 'High CP']",['Moderate PreTest'],0.0049504950495049506,0.33333333333333337,1.294871794871795
"['Low CN', 'Moderate CRF', 'Severe Anxiety']",['Moderate PreTest'],0.0049504950495049506,0.33333333333333337,1.294871794871795
"['Low CN', 'Severe Anxiety', 'Moderate ESF']",['Moderate PreTest'],0.0049504950495049506,0.33333333333333337,1.294871794871795
"['Low CN', 'Moderate TN', 'Normal Anxiety']",['Moderate PreTest'],0.0049504950495049506,0.33333333333333337,1.294871794871795
"['Low CN', 'Moderate TP', 'Moderate ESF', 'High CP']",['Moderate PreTest'],0.0049504950495049506,0.33333333333333337,1.294871794871795
['Moderate PostTest'],['Moderate PreTest'],0.019801980198019802,0.3076923076923077,1.1952662721893492
['High CN'],['Moderate PostTest'],0.0049504950495049506,0.33333333333333337,5.17948717948718
['High TN'],['Moderate PostTest'],0.0049504950495049506,0.16666666666666669,2.58974358974359
['High ESF'],['Moderate PostTest'],0.01485148514851485,0.15,2.3307692307692305
['Moderate Depression'],['Moderate PostTest'],0.01485148514851485,0.15,2.3307692307692305
['Mild Stress'],['Moderate PostTest'],0.009900990099009901,0.10526315789473684,1.6356275303643724
['High CRF'],['Moderate PostTest'],0.01485148514851485,0.08108108108108109,1.2598752598752598
['Moderate Anxiety'],['Moderate PostTest'],0.019801980198019802,0.07407407407407407,1.1509971509971508
['Low PreTest'],['High PostTest'],0.0049504950495049506,1.0,1.0687830687830686
['Low TP'],['High PostTest'],0.009900990099009901,1.0,1.0687830687830686
['Moderate Stress'],['High PostTest'],0.01485148514851485,1.0,1.0687830687830686
['Severe Depression'],['High PostTest'],0.0049504950495049506,1.0,1.0687830687830686
"['High TP', 'High CN']",['High PostTest'],0.0049504950495049506,1.0,1.0687830687830686
"['Moderate CRF', 'High CN']",['High PostTest'],0.0049504950495049506,1.0,1.0687830687830686
"['High CN', 'Normal Depression']",['High PostTest'],0.0049504950495049506,1.0,1.0687830687830686
"['Normal Stress', 'High CN']",['High PostTest'],0.0049504950495049506,1.0,1.0687830687830686
"['Moderate Stress', 'High CP']",['High PostTest'],0.0049504950495049506,1.0,1.0687830687830686
"['High CRF', 'Low ESF']",['High PostTest'],0.0049504950495049506,1.0,1.0687830687830686
"['Mild Depression', 'High ESF']",['High PostTest'],0.009900990099009901,1.0,1.0687830687830686
"['High PreTest', 'Moderate Stress']",['High PostTest'],0.009900990099009901,1.0,1.0687830687830686
"['High TN', 'Moderate PreTest']",['High PostTest'],0.0049504950495049506,1.0,1.0687830687830686
"['High TN', 'Normal Depression']",['High PostTest'],0.0049504950495049506,1.0,1.0687830687830686
"['High TN', 'Normal Stress']",['High PostTest'],0.0049504950495049506,1.0,1.0687830687830686
"['High TP', 'Moderate Stress']",['High PostTest'],0.0049504950495049506,1.0,1.0687830687830686
"['Low CN', 'Low TP']",['High PostTest'],0.0049504950495049506,1.0,1.0687830687830686
"['Low CN', 'Mild Stress']",['High PostTest'],0.01485148514851485,1.0,1.0687830687830686
"['Mild Depression', 'Low ESF']",['High PostTest'],0.0049504950495049506,1.0,1.0687830687830686
"['Severe Anxiety', 'Low ESF']",['High PostTest'],0.0049504950495049506,1.0,1.0687830687830686
"['Mild Stress', 'Low TN']",['High PostTest'],0.0049504950495049506,1.0,1.0687830687830686
"['Severe Anxiety', 'Low TN']",['High PostTest'],0.009900990099009901,1.0,1.0687830687830686
"['Low TP', 'Moderate ESF']",['High PostTest'],0.0049504950495049506,1.0,1.0687830687830686
"['Low TP', 'Normal Stress']",['High PostTest'],0.0049504950495049506,1.0,1.0687830687830686
"['Mild Stress', 'Mild Anxiety']",['High PostTest'],0.0049504950495049506,1.0,1.0687830687830686
"['Mild Anxiety', 'Moderate Depression']",['High PostTest'],0.009900990099009901,1.0,1.0687830687830686
"['Severe Anxiety', 'Mild Depression']",['High PostTest'],0.009900990099009901,1.0,1.0687830687830686
"['Mild Stress', 'Moderate PreTest']",['High PostTest'],0.009900990099009901,1.0,1.0687830687830686
"['Moderate PreTest', 'Moderate Depression']",['High PostTest'],0.009900990099009901,1.0,1.0687830687830686
"['Normal Anxiety', 'Moderate Depression']",['High PostTest'],0.0049504950495049506,1.0,1.0687830687830686
"['Moderate ESF', 'Moderate Stress']",['High PostTest'],0.009900990099009901,1.0,1.0687830687830686
"['Severe Anxiety', 'Moderate PreTest']",['High PostTest'],0.009900990099009901,1.0,1.0687830687830686
"['Moderate ESF', 'High TN', 'High CP']",['High PostTest'],0.009900990099009901,1.0,1.0687830687830686
"['Low CN', 'Severe Anxiety', 'High CP']",['High PostTest'],0.01485148514851485,1.0,1.0687830687830686
"['Moderate TP', 'Low TN', 'High CP']",['High PostTest'],0.01485148514851485,1.0,1.0687830687830686
"['Mild Anxiety', 'High CP', 'Moderate Depression']",['High PostTest'],0.0049504950495049506,1.0,1.0687830687830686
"['Severe Anxiety', 'Mild Depression', 'High CP']",['High PostTest'],0.0049504950495049506,1.0,1.0687830687830686
"['Mild Stress', 'Moderate PreTest', 'High CP']",['High PostTest'],0.0049504950495049506,1.0,1.0687830687830686
"['Moderate Anxiety', 'Moderate TP', 'High CP']",['High PostTest'],0.01485148514851485,1.0,1.0687830687830686
"['Moderate PreTest', 'High CP', 'Moderate Depression']",['High PostTest'],0.0049504950495049506,1.0,1.0687830687830686
"['Severe Anxiety', 'Moderate PreTest', 'High CP']",['High PostTest'],0.0049504950495049506,1.0,1.0687830687830686
"['Severe Anxiety', 'Normal Depression', 'High CP']",['High PostTest'],0.0049504950495049506,1.0,1.0687830687830686
"['Severe Anxiety', 'Normal Stress', 'High CP']",['High PostTest'],0.009900990099009901,1.0,1.0687830687830686
"['High TP', 'Moderate CP', 'High CRF']",['High PostTest'],0.0049504950495049506,1.0,1.0687830687830686
"['Low CN', 'Mild Depression', 'High CRF']",['High PostTest'],0.009900990099009901,1.0,1.0687830687830686
"['Low CN', 'Moderate CP', 'High CRF']",['High PostTest'],0.0049504950495049506,1.0,1.0687830687830686
"['Low CN', 'High CRF', 'Moderate TN']",['High PostTest'],0.01485148514851485,1.0,1.0687830687830686
"['Low CN', 'Moderate TP', 'High CRF']",['High PostTest'],0.0049504950495049506,1.0,1.0687830687830686
"['Moderate CP', 'Low TN', 'High CRF']",['High PostTest'],0.0049504950495049506,1.0,1.0687830687830686
"['Moderate TP', 'Low TN', 'High CRF']",['High PostTest'],0.0049504950495049506,1.0,1.0687830687830686
"['Moderate Anxiety', 'Mild Depression', 'High CRF']",['High PostTest'],0.0049504950495049506,1.0,1.0687830687830686
"['Mild Depression', 'High CRF', 'Moderate PreTest']",['High PostTest'],0.0049504950495049506,1.0,1.0687830687830686
"['Mild Depression', 'Positive Delta', 'High CRF']",['High PostTest'],0.01485148514851485,1.0,1.0687830687830686
"['Moderate ESF', 'Mild Stress', 'High CRF']",['High PostTest'],0.009900990099009901,1.0,1.0687830687830686
"['Mild Stress', 'Positive Delta', 'High CRF']",['High PostTest'],0.009900990099009901,1.0,1.0687830687830686
"['Moderate CN', 'High CRF', 'Moderate PreTest']",['High PostTest'],0.0049504950495049506,1.0,1.0687830687830686
"['Moderate CN', 'High CRF', 'Normal Anxiety']",['High PostTest'],0.01485148514851485,1.0,1.0687830687830686
"['Moderate ESF', 'Moderate CP', 'High CRF']",['High PostTest'],0.009900990099009901,1.0,1.0687830687830686
"['Moderate CP', 'High CRF', 'Normal Depression']",['High PostTest'],0.009900990099009901,1.0,1.0687830687830686
"['Moderate CP', 'Normal Stress', 'High CRF']",['High PostTest'],0.009900990099009901,1.0,1.0687830687830686
"['Moderate CP', 'Positive Delta', 'High CRF']",['High PostTest'],0.01485148514851485,1.0,1.0687830687830686
"['Moderate ESF', 'High CRF', 'Moderate Depression']",['High PostTest'],0.009900990099009901,1.0,1.0687830687830686
"['Normal Stress', 'High CRF', 'Moderate Depression']",['High PostTest'],0.0049504950495049506,1.0,1.0687830687830686
"['Moderate ESF', 'Moderate TP', 'High CRF']",['High PostTest'],0.009900990099009901,1.0,1.0687830687830686
"['Moderate ESF', 'High CRF', 'Severe Anxiety']",['High PostTest'],0.0049504950495049506,1.0,1.0687830687830686
"['High CRF', 'Moderate TN', 'Moderate PreTest']",['High PostTest'],0.0049504950495049506,1.0,1.0687830687830686
"['Moderate TP', 'High CRF', 'Moderate PreTest']",['High PostTest'],0.0049504950495049506,1.0,1.0687830687830686
"['High CRF', 'Moderate TN', 'Normal Anxiety']",['High PostTest'],0.009900990099009901,1.0,1.0687830687830686
"['Moderate TP', 'High CRF', 'Normal Anxiety']",['High PostTest'],0.0049504950495049506,1.0,1.0687830687830686
"['Moderate TP', 'High CRF', 'Normal Depression']",['High PostTest'],0.01485148514851485,1.0,1.0687830687830686
"['Moderate TP', 'Normal Stress', 'High CRF']",['High PostTest'],0.01485148514851485,1.0,1.0687830687830686
"['Negative Delta', 'High CRF', 'Normal Anxiety']",['High PostTest'],0.009900990099009901,1.0,1.0687830687830686
"['Severe Anxiety', 'Normal Stress', 'High CRF']",['High PostTest'],0.0049504950495049506,1.0,1.0687830687830686
"['Low CN', 'High ESF', 'Mild Anxiety']",['High PostTest'],0.0049504950495049506,1.0,1.0687830687830686
"['Moderate CRF', 'High ESF', 'Mild Anxiety']",['High PostTest'],0.0049504950495049506,1.0,1.0687830687830686
"['Moderate Anxiety', 'High ESF', 'Normal Depression']",['High PostTest'],0.009900990099009901,1.0,1.0687830687830686
"['High ESF', 'Moderate CN', 'Normal Anxiety']",['High PostTest'],0.0049504950495049506,1.0,1.0687830687830686
"['Moderate CP', 'High ESF', 'Moderate PreTest']",['High PostTest'],0.0049504950495049506,1.0,1.0687830687830686
"['Moderate CP', 'High ESF', 'Normal Anxiety']",['High PostTest'],0.0049504950495049506,1.0,1.0687830687830686
"['Moderate CP', 'High ESF', 'Normal Depression']",['High PostTest'],0.009900990099009901,1.0,1.0687830687830686
"['Moderate CRF', 'High ESF', 'Moderate PreTest']",['High PostTest'],0.0049504950495049506,1.0,1.0687830687830686
"['Moderate CRF', 'High ESF', 'Normal Anxiety']",['High PostTest'],0.009900990099009901,1.0,1.0687830687830686
"['Moderate TP', 'High ESF', 'Moderate PreTest']",['High PostTest'],0.0049504950495049506,1.0,1.0687830687830686
"['High ESF', 'Moderate PreTest', 'Normal Anxiety']",['High PostTest'],0.0049504950495049506,1.0,1.0687830687830686
"['High ESF', 'Moderate TN', 'Normal Anxiety']",['High PostTest'],0.0049504950495049506,1.0,1.0687830687830686
"['High ESF', 'Normal Depression', 'Moderate TN']",['High PostTest'],0.009900990099009901,1.0,1.0687830687830686
"['Moderate TP', 'High ESF', 'Normal Anxiety']",['High PostTest'],0.0049504950495049506,1.0,1.0687830687830686
"['Moderate TP', 'High ESF', 'Normal Depression']",['High PostTest'],0.009900990099009901,1.0,1.0687830687830686
"['Low CN', 'Mild Stress', 'High PreTest']",['High PostTest'],0.009900990099009901,1.0,1.0687830687830686
"['Low CN', 'High PreTest', 'Severe Anxiety']",['High PostTest'],0.009900990099009901,1.0,1.0687830687830686
"['Normal Anxiety', 'High PreTest', 'Low ESF']",['High PostTest'],0.01485148514851485,1.0,1.0687830687830686
"['Severe Anxiety', 'Mild Depression', 'High PreTest']",['High PostTest'],0.0049504950495049506,1.0,1.0687830687830686
"['Moderate ESF', 'High PreTest', 'Moderate Stress']",['High PostTest'],0.0049504950495049506,1.0,1.0687830687830686
"['Severe Anxiety', 'High PreTest', 'Normal Depression']",['High PostTest'],0.01485148514851485,1.0,1.0687830687830686
"['Severe Anxiety', 'High PreTest', 'Normal Stress']",['High PostTest'],0.01485148514851485,1.0,1.0687830687830686
"['Moderate CP', 'Moderate CRF', 'High TN']",['High PostTest'],0.0049504950495049506,1.0,1.0687830687830686
"['Moderate ESF', 'Moderate CRF', 'High TN']",['High PostTest'],0.01485148514851485,1.0,1.0687830687830686
"['High TP', 'Mild Stress', 'Low ESF']",['High PostTest'],0.0049504950495049506,1.0,1.0687830687830686
"['High TP', 'Moderate TN', 'Low ESF']",['High PostTest'],0.01485148514851485,1.0,1.0687830687830686
"['High TP', 'Low TN', 'Severe Anxiety']",['High PostTest'],0.0049504950495049506,1.0,1.0687830687830686
"['High TP', 'Moderate CP', 'Mild Anxiety']",['High PostTest'],0.009900990099009901,1.0,1.0687830687830686
"['High TP', 'Mild Anxiety', 'Moderate Depression']",['High PostTest'],0.0049504950495049506,1.0,1.0687830687830686
"['High TP', 'Mild Depression', 'Severe Anxiety']",['High PostTest'],0.0049504950495049506,1.0,1.0687830687830686
"['High TP', 'Moderate PreTest', 'Moderate Depression']",['High PostTest'],0.0049504950495049506,1.0,1.0687830687830686
"['High TP', 'Severe Anxiety', 'Normal Depression']",['High PostTest'],0.01485148514851485,1.0,1.0687830687830686
"['Low CN', 'Moderate Anxiety', 'Low ESF']",['High PostTest'],0.009900990099009901,1.0,1.0687830687830686
"['Low CN', 'Moderate CP', 'Low ESF']",['High PostTest'],0.0049504950495049506,1.0,1.0687830687830686
"['Low CN', 'Negative Delta', 'Mild Anxiety']",['High PostTest'],0.01485148514851485,1.0,1.0687830687830686
"['Low CN', 'Moderate CRF', 'Mild Stress']",['High PostTest'],0.009900990099009901,1.0,1.0687830687830686
"['Low CN', 'Mild Stress', 'Moderate ESF']",['High PostTest'],0.009900990099009901,1.0,1.0687830687830686
"['Low CN', 'Mild Stress', 'Normal Depression']",['High PostTest'],0.0049504950495049506,1.0,1.0687830687830686
"['Low CN', 'Mild Stress', 'Positive Delta']",['High PostTest'],0.009900990099009901,1.0,1.0687830687830686
"['Low CN', 'Moderate CRF', 'Severe Anxiety']",['High PostTest'],0.01485148514851485,1.0,1.0687830687830686
"['Low CN', 'Moderate ESF', 'Moderate Depression']",['High PostTest'],0.0049504950495049506,1.0,1.0687830687830686
"['Low CN', 'Positive Delta', 'Moderate Depression']",['High PostTest'],0.01485148514851485,1.0,1.0687830687830686
"['Low CN', 'Severe Anxiety', 'Moderate ESF']",['High PostTest'],0.01485148514851485,1.0,1.0687830687830686
"['Low CN', 'Moderate TP', 'Severe Anxiety']",['High PostTest'],0.0049504950495049506,1.0,1.0687830687830686
"['Low CN', 'Severe Anxiety', 'Normal Depression']",['High PostTest'],0.01485148514851485,1.0,1.0687830687830686
"['Moderate CP', 'Low TN', 'Low ESF']",['High PostTest'],0.0049504950495049506,1.0,1.0687830687830686
"['Moderate TP', 'Low TN', 'Low ESF']",['High PostTest'],0.0049504950495049506,1.0,1.0687830687830686
"['Mild Anxiety', 'Moderate CN', 'Low ESF']",['High PostTest'],0.0049504950495049506,1.0,1.0687830687830686
"['Mild Anxiety', 'Moderate TN', 'Low ESF']",['High PostTest'],0.0049504950495049506,1.0,1.0687830687830686
"['Moderate Anxiety', 'Moderate PreTest', 'Low ESF']",['High PostTest'],0.0049504950495049506,1.0,1.0687830687830686
"['Moderate CN', 'Moderate PreTest', 'Low ESF']",['High PostTest'],0.0049504950495049506,1.0,1.0687830687830686
"['Normal Anxiety', 'Moderate CN', 'Low ESF']",['High PostTest'],0.0049504950495049506,1.0,1.0687830687830686
"['Moderate PreTest', 'Moderate TN', 'Low ESF']",['High PostTest'],0.0049504950495049506,1.0,1.0687830687830686
"['Normal Anxiety', 'Moderate TN', 'Low ESF']",['High PostTest'],0.0049504950495049506,1.0,1.0687830687830686
"['Mild Depression', 'Moderate CP', 'Low TN']",['High PostTest'],0.01485148514851485,1.0,1.0687830687830686
"['Mild Depression', 'Low TN', 'Moderate PreTest']",['High PostTest'],0.009900990099009901,1.0,1.0687830687830686
"['Mild Depression', 'Moderate TP', 'Low TN']",['High PostTest'],0.009900990099009901,1.0,1.0687830687830686
"['Moderate Anxiety', 'Moderate CP', 'Low TN']",['High PostTest'],0.009900990099009901,1.0,1.0687830687830686
"['Moderate Anxiety', 'Moderate TP', 'Low TN']",['High PostTest'],0.009900990099009901,1.0,1.0687830687830686
"['Moderate CN', 'Low TN', 'Moderate PreTest']",['High PostTest'],0.0049504950495049506,1.0,1.0687830687830686
"['Severe Anxiety', 'Moderate CRF', 'Low TN']",['High PostTest'],0.0049504950495049506,1.0,1.0687830687830686
"['Moderate ESF', 'Low TN', 'Severe Anxiety']",['High PostTest'],0.0049504950495049506,1.0,1.0687830687830686
"['Mild Depression', 'Mild Anxiety', 'Moderate CN']",['High PostTest'],0.0049504950495049506,1.0,1.0687830687830686
"['Mild Depression', 'Moderate CP', 'Mild Anxiety']",['High PostTest'],0.0049504950495049506,1.0,1.0687830687830686
"['Mild Depression', 'Moderate CRF', 'Mild Anxiety']",['High PostTest'],0.01485148514851485,1.0,1.0687830687830686
"['Mild Depression', 'Moderate TP', 'Mild Anxiety']",['High PostTest'],0.0049504950495049506,1.0,1.0687830687830686
"['Mild Depression', 'Positive Delta', 'Mild Anxiety']",['High PostTest'],0.01485148514851485,1.0,1.0687830687830686
"['Mild Anxiety', 'Moderate CN', 'Moderate PreTest']",['High PostTest'],0.0049504950495049506,1.0,1.0687830687830686
"['Moderate CP', 'Negative Delta', 'Mild Anxiety']",['High PostTest'],0.0049504950495049506,1.0,1.0687830687830686
"['Moderate CRF', 'Negative Delta', 'Mild Anxiety']",['High PostTest'],0.01485148514851485,1.0,1.0687830687830686
"['Mild Anxiety', 'Normal Stress', 'Moderate Depression']",['High PostTest'],0.0049504950495049506,1.0,1.0687830687830686
"['Positive Delta', 'Mild Anxiety', 'Moderate Depression']",['High PostTest'],0.0049504950495049506,1.0,1.0687830687830686
"['Mild Anxiety', 'Moderate PreTest', 'Moderate TN']",['High PostTest'],0.01485148514851485,1.0,1.0687830687830686
"['Mild Depression', 'Negative Delta', 'Moderate CN']",['High PostTest'],0.0049504950495049506,1.0,1.0687830687830686
"['Mild Depression', 'Moderate CP', 'Negative Delta']",['High PostTest'],0.0049504950495049506,1.0,1.0687830687830686
"['Mild Depression', 'Moderate CP', 'Normal Anxiety']",['High PostTest'],0.009900990099009901,1.0,1.0687830687830686
"['Mild Depression', 'Negative Delta', 'Moderate CRF']",['High PostTest'],0.01485148514851485,1.0,1.0687830687830686
"['Mild Depression', 'Negative Delta', 'Moderate TN']",['High PostTest'],0.0049504950495049506,1.0,1.0687830687830686
"['Moderate ESF', 'Mild Stress', 'Moderate TP']",['High PostTest'],0.0049504950495049506,1.0,1.0687830687830686
"['Negative Delta', 'Moderate CN', 'Normal Anxiety']",['High PostTest'],0.0049504950495049506,1.0,1.0687830687830686
"['Moderate CRF', 'Moderate PreTest', 'Moderate Depression']",['High PostTest'],0.0049504950495049506,1.0,1.0687830687830686
"['Severe Anxiety', 'Moderate CRF', 'Moderate PreTest']",['High PostTest'],0.0049504950495049506,1.0,1.0687830687830686
"['Normal Stress', 'Moderate PreTest', 'Moderate Depression']",['High PostTest'],0.0049504950495049506,1.0,1.0687830687830686
"['Moderate ESF', 'Moderate PreTest', 'Severe Anxiety']",['High PostTest'],0.0049504950495049506,1.0,1.0687830687830686
"['Severe Anxiety', 'Moderate PreTest', 'Normal Depression']",['High PostTest'],0.0049504950495049506,1.0,1.0687830687830686
"['Moderate CRF', 'High ESF', 'High CP', 'Normal Anxiety']",['High PostTest'],0.0049504950495049506,1.0,1.0687830687830686
"['Moderate ESF', 'High PreTest', 'High TN', 'High CP']",['High PostTest'],0.0049504950495049506,1.0,1.0687830687830686
"['Low CN', 'Mild Stress', 'High PreTest', 'High CP']",['High PostTest'],0.0049504950495049506,1.0,1.0687830687830686
"['Moderate TP', 'High PreTest', 'Low TN', 'High CP']",['High PostTest'],0.009900990099009901,1.0,1.0687830687830686
"['Mild Stress', 'High PreTest', 'Normal Depression', 'High CP']",['High PostTest'],0.0049504950495049506,1.0,1.0687830687830686
"['Moderate Anxiety', 'Moderate TP', 'High PreTest', 'High CP']",['High PostTest'],0.009900990099009901,1.0,1.0687830687830686
"['Moderate TP', 'High PreTest', 'High CP', 'Normal Anxiety']",['High PostTest'],0.009900990099009901,1.0,1.0687830687830686
"['Severe Anxiety', 'High PreTest', 'Normal Stress', 'High CP']",['High PostTest'],0.0049504950495049506,1.0,1.0687830687830686
"['Low CN', 'Moderate TP', 'Mild Anxiety', 'High CP']",['High PostTest'],0.0049504950495049506,1.0,1.0687830687830686
"['Low CN', 'Moderate CRF', 'Mild Stress', 'High CP']",['High PostTest'],0.0049504950495049506,1.0,1.0687830687830686
"['Low CN', 'Mild Stress', 'Moderate ESF', 'High CP']",['High PostTest'],0.0049504950495049506,1.0,1.0687830687830686
"['Low CN', 'Mild Stress', 'Positive Delta', 'High CP']",['High PostTest'],0.0049504950495049506,1.0,1.0687830687830686
"['Low CN', 'Positive Delta', 'High CP', 'Moderate Depression']",['High PostTest'],0.0049504950495049506,1.0,1.0687830687830686
"['Low CN', 'Moderate TP', 'Moderate ESF', 'High CP']",['High PostTest'],0.01485148514851485,1.0,1.0687830687830686
"['Low CN', 'Moderate TP', 'High CP', 'Normal Anxiety']",['High PostTest'],0.009900990099009901,1.0,1.0687830687830686
"['Low CN', 'Positive Delta', 'Severe Anxiety', 'High CP']",['High PostTest'],0.009900990099009901,1.0,1.0687830687830686
"['Normal Stress', 'Moderate CN', 'High CP', 'Low ESF']",['High PostTest'],0.0049504950495049506,1.0,1.0687830687830686
"['Normal Depression', 'Moderate TN', 'High CP', 'Low ESF']",['High PostTest'],0.009900990099009901,1.0,1.0687830687830686
"['Mild Depression', 'Mild Anxiety', 'Low TN', 'High CP']",['High PostTest'],0.0049504950495049506,1.0,1.0687830687830686
"['Moderate CRF', 'Moderate TP', 'Low TN', 'High CP']",['High PostTest'],0.009900990099009901,1.0,1.0687830687830686
"['Moderate ESF', 'Moderate TP', 'Low TN', 'High CP']",['High PostTest'],0.0049504950495049506,1.0,1.0687830687830686
"['Moderate TP', 'Positive Delta', 'Low TN', 'High CP']",['High PostTest'],0.009900990099009901,1.0,1.0687830687830686
"['Mild Depression', 'Moderate CRF', 'High CP', 'Normal Anxiety']",['High PostTest'],0.009900990099009901,1.0,1.0687830687830686
"['Mild Depression', 'Moderate PreTest', 'High CP', 'Normal Anxiety']",['High PostTest'],0.0049504950495049506,1.0,1.0687830687830686
"['Mild Depression', 'Moderate TN', 'High CP', 'Normal Anxiety']",['High PostTest'],0.0049504950495049506,1.0,1.0687830687830686
"['Mild Depression', 'Positive Delta', 'High CP', 'Normal Anxiety']",['High PostTest'],0.01485148514851485,1.0,1.0687830687830686
"['Moderate CRF', 'Mild Stress', 'Normal Depression', 'High CP']",['High PostTest'],0.0049504950495049506,1.0,1.0687830687830686
"['Normal Depression', 'Moderate CN', 'Moderate PreTest', 'High CP']",['High PostTest'],0.01485148514851485,1.0,1.0687830687830686
"['Moderate ESF', 'Moderate CRF', 'High CP', 'Moderate Depression']",['High PostTest'],0.01485148514851485,1.0,1.0687830687830686
"['Moderate CRF', 'Moderate TP', 'High CP', 'Normal Anxiety']",['High PostTest'],0.01485148514851485,1.0,1.0687830687830686
"['Moderate ESF', 'Positive Delta', 'High CP', 'Moderate Depression']",['High PostTest'],0.01485148514851485,1.0,1.0687830687830686
"['Moderate ESF', 'Moderate TP', 'High CP', 'Normal Anxiety']",['High PostTest'],0.01485148514851485,1.0,1.0687830687830686
"['Moderate TN', 'Moderate PreTest', 'High CP', 'Normal Anxiety']",['High PostTest'],0.009900990099009901,1.0,1.0687830687830686
"['Moderate TP', 'Normal Depression', 'Moderate PreTest', 'High CP']",['High PostTest'],0.009900990099009901,1.0,1.0687830687830686
"['Moderate TP', 'Positive Delta', 'High CP', 'Normal Anxiety']",['High PostTest'],0.01485148514851485,1.0,1.0687830687830686
"['High TP', 'High PreTest', 'High CRF', 'Severe Anxiety']",['High PostTest'],0.0049504950495049506,1.0,1.0687830687830686
"['Low CN', 'Mild Depression', 'High PreTest', 'High CRF']",['High PostTest'],0.0049504950495049506,1.0,1.0687830687830686
"['Mild Depression', 'Positive Delta', 'High PreTest', 'High CRF']",['High PostTest'],0.009900990099009901,1.0,1.0687830687830686
"['Moderate CP', 'High PreTest', 'High CRF', 'Normal Depression']",['High PostTest'],0.0049504950495049506,1.0,1.0687830687830686
"['Moderate CP', 'High PreTest', 'Normal Stress', 'High CRF']",['High PostTest'],0.0049504950495049506,1.0,1.0687830687830686
"['Moderate CP', 'Positive Delta', 'High PreTest', 'High CRF']",['High PostTest'],0.009900990099009901,1.0,1.0687830687830686
"['Moderate ESF', 'High PreTest', 'High CRF', 'Moderate Depression']",['High PostTest'],0.0049504950495049506,1.0,1.0687830687830686
"['Moderate TP', 'High PreTest', 'High CRF', 'Normal Depression']",['High PostTest'],0.009900990099009901,1.0,1.0687830687830686
"['Moderate TP', 'High PreTest', 'Normal Stress', 'High CRF']",['High PostTest'],0.009900990099009901,1.0,1.0687830687830686
"['High TP', 'High CRF', 'Moderate ESF', 'Moderate Depression']",['High PostTest'],0.0049504950495049506,1.0,1.0687830687830686
"['High TP', 'Positive Delta', 'High CRF', 'Severe Anxiety']",['High PostTest'],0.0049504950495049506,1.0,1.0687830687830686
"['Low CN', 'Positive Delta', 'Mild Anxiety', 'High CRF']",['High PostTest'],0.01485148514851485,1.0,1.0687830687830686
"['Low CN', 'Mild Depression', 'Positive Delta', 'High CRF']",['High PostTest'],0.0049504950495049506,1.0,1.0687830687830686
"['Low CN', 'Moderate Anxiety', 'High CRF', 'Moderate ESF']",['High PostTest'],0.01485148514851485,1.0,1.0687830687830686
"['Low CN', 'Moderate Anxiety', 'High CRF', 'Moderate PreTest']",['High PostTest'],0.0049504950495049506,1.0,1.0687830687830686
"['Low CN', 'Moderate TN', 'High CRF', 'Moderate ESF']",['High PostTest'],0.0049504950495049506,1.0,1.0687830687830686
"['Low CN', 'Negative Delta', 'High CRF', 'Moderate ESF']",['High PostTest'],0.009900990099009901,1.0,1.0687830687830686
"['Low CN', 'Normal Depression', 'High CRF', 'Moderate TN']",['High PostTest'],0.0049504950495049506,1.0,1.0687830687830686
"['Low CN', 'Normal Stress', 'High CRF', 'Moderate TN']",['High PostTest'],0.009900990099009901,1.0,1.0687830687830686
"['Low CN', 'Positive Delta', 'High CRF', 'Moderate TN']",['High PostTest'],0.0049504950495049506,1.0,1.0687830687830686
"['Low CN', 'Negative Delta', 'High CRF', 'Normal Anxiety']",['High PostTest'],0.0049504950495049506,1.0,1.0687830687830686
"['Low CN', 'Negative Delta', 'Normal Stress', 'High CRF']",['High PostTest'],0.01485148514851485,1.0,1.0687830687830686
"['Mild Depression', 'Positive Delta', 'Low TN', 'High CRF']",['High PostTest'],0.0049504950495049506,1.0,1.0687830687830686
"['Moderate ESF', 'Negative Delta', 'Low TN', 'High CRF']",['High PostTest'],0.009900990099009901,1.0,1.0687830687830686
"['Mild Depression', 'Normal Stress', 'High CRF', 'Moderate TN']",['High PostTest'],0.0049504950495049506,1.0,1.0687830687830686
"['Mild Depression', 'Positive Delta', 'Normal Stress', 'High CRF']",['High PostTest'],0.009900990099009901,1.0,1.0687830687830686
"['Moderate Anxiety', 'Moderate CN', 'High CRF', 'Normal Depression']",['High PostTest'],0.0049504950495049506,1.0,1.0687830687830686
"['Moderate Anxiety', 'High CRF', 'Moderate ESF', 'Moderate PreTest']",['High PostTest'],0.0049504950495049506,1.0,1.0687830687830686
"['Moderate Anxiety', 'Normal Stress', 'High CRF', 'Moderate ESF']",['High PostTest'],0.01485148514851485,1.0,1.0687830687830686
"['Moderate Anxiety', 'Normal Stress', 'High CRF', 'Moderate PreTest']",['High PostTest'],0.0049504950495049506,1.0,1.0687830687830686
"['Moderate Anxiety', 'Normal Depression', 'High CRF', 'Moderate TN']",['High PostTest'],0.0049504950495049506,1.0,1.0687830687830686
"['Moderate Anxiety', 'Normal Stress', 'High CRF', 'Moderate TN']",['High PostTest'],0.0049504950495049506,1.0,1.0687830687830686
"['Moderate ESF', 'Moderate CN', 'High CRF', 'Normal Anxiety']",['High PostTest'],0.009900990099009901,1.0,1.0687830687830686
"['Moderate ESF', 'Moderate CN', 'High CRF', 'Normal Depression']",['High PostTest'],0.01485148514851485,1.0,1.0687830687830686
"['Moderate CN', 'High CRF', 'Normal Depression', 'Normal Anxiety']",['High PostTest'],0.0049504950495049506,1.0,1.0687830687830686
"['Positive Delta', 'Moderate CN', 'High CRF', 'Normal Anxiety']",['High PostTest'],0.009900990099009901,1.0,1.0687830687830686
"['Moderate ESF', 'Moderate CP', 'High CRF', 'Normal Depression']",['High PostTest'],0.0049504950495049506,1.0,1.0687830687830686
"['Moderate ESF', 'Moderate CP', 'Normal Stress', 'High CRF']",['High PostTest'],0.0049504950495049506,1.0,1.0687830687830686
"['Moderate ESF', 'Moderate CP', 'Positive Delta', 'High CRF']",['High PostTest'],0.0049504950495049506,1.0,1.0687830687830686
"['Moderate CP', 'Positive Delta', 'High CRF', 'Moderate TN']",['High PostTest'],0.0049504950495049506,1.0,1.0687830687830686
"['Moderate CP', 'Positive Delta', 'High CRF', 'Normal Depression']",['High PostTest'],0.0049504950495049506,1.0,1.0687830687830686
"['Moderate CP', 'Positive Delta', 'Normal Stress', 'High CRF']",['High PostTest'],0.0049504950495049506,1.0,1.0687830687830686
"['Moderate ESF', 'High CRF', 'Moderate TN', 'Normal Anxiety']",['High PostTest'],0.0049504950495049506,1.0,1.0687830687830686
"['Moderate ESF', 'Moderate TP', 'High CRF', 'Normal Depression']",['High PostTest'],0.0049504950495049506,1.0,1.0687830687830686
"['Moderate ESF', 'Moderate TP', 'Normal Stress', 'High CRF']",['High PostTest'],0.0049504950495049506,1.0,1.0687830687830686
"['Moderate ESF', 'Moderate TP', 'Positive Delta', 'High CRF']",['High PostTest'],0.0049504950495049506,1.0,1.0687830687830686
"['Moderate ESF', 'Negative Delta', 'High CRF', 'Normal Anxiety']",['High PostTest'],0.0049504950495049506,1.0,1.0687830687830686
"['Moderate ESF', 'Negative Delta', 'High CRF', 'Normal Depression']",['High PostTest'],0.009900990099009901,1.0,1.0687830687830686
"['Normal Depression', 'High CRF', 'Moderate TN', 'Normal Anxiety']",['High PostTest'],0.0049504950495049506,1.0,1.0687830687830686
"['Moderate TP', 'Positive Delta', 'High CRF', 'Normal Depression']",['High PostTest'],0.009900990099009901,1.0,1.0687830687830686
"['Moderate TP', 'Positive Delta', 'Normal Stress', 'High CRF']",['High PostTest'],0.009900990099009901,1.0,1.0687830687830686
"['Negative Delta', 'High CRF', 'Normal Depression', 'Normal Anxiety']",['High PostTest'],0.0049504950495049506,1.0,1.0687830687830686
"['High TP', 'Moderate CP', 'High ESF', 'High PreTest']",['High PostTest'],0.0049504950495049506,1.0,1.0687830687830686
"['Moderate Anxiety', 'High ESF', 'High PreTest', 'Normal Depression']",['High PostTest'],0.0049504950495049506,1.0,1.0687830687830686
"['Moderate CP', 'High ESF', 'High PreTest', 'Normal Depression']",['High PostTest'],0.0049504950495049506,1.0,1.0687830687830686
"['Moderate TP', 'High ESF', 'High PreTest', 'Normal Depression']",['High PostTest'],0.0049504950495049506,1.0,1.0687830687830686
"['High TP', 'Moderate CP', 'High ESF', 'Positive Delta']",['High PostTest'],0.0049504950495049506,1.0,1.0687830687830686
"['High TP', 'Moderate CRF', 'High ESF', 'Positive Delta']",['High PostTest'],0.01485148514851485,1.0,1.0687830687830686
"['High TP', 'High ESF', 'Normal Depression', 'Moderate TN']",['High PostTest'],0.0049504950495049506,1.0,1.0687830687830686
"['High TP', 'High ESF', 'Positive Delta', 'Moderate TN']",['High PostTest'],0.009900990099009901,1.0,1.0687830687830686
"['Low CN', 'High ESF', 'Moderate TP', 'Normal Depression']",['High PostTest'],0.0049504950495049506,1.0,1.0687830687830686
"['Moderate CP', 'High ESF', 'Moderate CRF', 'Normal Depression']",['High PostTest'],0.0049504950495049506,1.0,1.0687830687830686
"['Moderate CP', 'High ESF', 'Positive Delta', 'Normal Depression']",['High PostTest'],0.0049504950495049506,1.0,1.0687830687830686
"['Moderate CRF', 'High ESF', 'Positive Delta', 'Normal Anxiety']",['High PostTest'],0.0049504950495049506,1.0,1.0687830687830686
"['Moderate CRF', 'High ESF', 'Positive Delta', 'Normal Depression']",['High PostTest'],0.01485148514851485,1.0,1.0687830687830686
"['High TP', 'High PreTest', 'High TN', 'Moderate ESF']",['High PostTest'],0.009900990099009901,1.0,1.0687830687830686
"['Moderate ESF', 'Moderate CRF', 'High PreTest', 'High TN']",['High PostTest'],0.009900990099009901,1.0,1.0687830687830686
"['High TP', 'High PreTest', 'Mild Anxiety', 'Low ESF']",['High PostTest'],0.0049504950495049506,1.0,1.0687830687830686
"['High TP', 'Moderate CP', 'High PreTest', 'Low ESF']",['High PostTest'],0.0049504950495049506,1.0,1.0687830687830686
"['High TP', 'High PreTest', 'Moderate TN', 'Low ESF']",['High PostTest'],0.009900990099009901,1.0,1.0687830687830686
"['High TP', 'High PreTest', 'Severe Anxiety', 'Normal Depression']",['High PostTest'],0.009900990099009901,1.0,1.0687830687830686
"['High TP', 'High PreTest', 'Normal Stress', 'Severe Anxiety']",['High PostTest'],0.009900990099009901,1.0,1.0687830687830686
"['Low CN', 'Moderate CP', 'High PreTest', 'Mild Anxiety']",['High PostTest'],0.009900990099009901,1.0,1.0687830687830686
"['Low CN', 'High PreTest', 'Moderate TN', 'Mild Anxiety']",['High PostTest'],0.009900990099009901,1.0,1.0687830687830686
"['Low CN', 'Moderate TP', 'High PreTest', 'Mild Anxiety']",['High PostTest'],0.0049504950495049506,1.0,1.0687830687830686
"['Low CN', 'Mild Depression', 'High PreTest', 'Normal Anxiety']",['High PostTest'],0.009900990099009901,1.0,1.0687830687830686
"['Low CN', 'Moderate CRF', 'Mild Stress', 'High PreTest']",['High PostTest'],0.0049504950495049506,1.0,1.0687830687830686
"['Low CN', 'Mild Stress', 'High PreTest', 'Moderate ESF']",['High PostTest'],0.0049504950495049506,1.0,1.0687830687830686
"['Low CN', 'Positive Delta', 'Mild Stress', 'High PreTest']",['High PostTest'],0.0049504950495049506,1.0,1.0687830687830686
"['Low CN', 'Moderate CRF', 'High PreTest', 'Severe Anxiety']",['High PostTest'],0.0049504950495049506,1.0,1.0687830687830686
"['Low CN', 'High PreTest', 'Severe Anxiety', 'Moderate ESF']",['High PostTest'],0.0049504950495049506,1.0,1.0687830687830686
"['Low CN', 'High PreTest', 'Severe Anxiety', 'Normal Depression']",['High PostTest'],0.0049504950495049506,1.0,1.0687830687830686
"['Low CN', 'High PreTest', 'Normal Stress', 'Severe Anxiety']",['High PostTest'],0.0049504950495049506,1.0,1.0687830687830686
"['Low CN', 'Positive Delta', 'High PreTest', 'Severe Anxiety']",['High PostTest'],0.0049504950495049506,1.0,1.0687830687830686
"['Moderate CP', 'High PreTest', 'Low TN', 'Mild Anxiety']",['High PostTest'],0.009900990099009901,1.0,1.0687830687830686
"['Moderate TP', 'High PreTest', 'Low TN', 'Mild Anxiety']",['High PostTest'],0.0049504950495049506,1.0,1.0687830687830686
"['Mild Depression', 'Moderate CRF', 'High PreTest', 'Mild Anxiety']",['High PostTest'],0.009900990099009901,1.0,1.0687830687830686
"['Mild Depression', 'High PreTest', 'Moderate TN', 'Mild Anxiety']",['High PostTest'],0.0049504950495049506,1.0,1.0687830687830686
"['Mild Depression', 'Positive Delta', 'High PreTest', 'Mild Anxiety']",['High PostTest'],0.009900990099009901,1.0,1.0687830687830686
"['Mild Depression', 'Moderate CRF', 'High PreTest', 'Normal Anxiety']",['High PostTest'],0.009900990099009901,1.0,1.0687830687830686
"['Mild Depression', 'High PreTest', 'Moderate TN', 'Normal Anxiety']",['High PostTest'],0.0049504950495049506,1.0,1.0687830687830686
"['Mild Depression', 'Positive Delta', 'High PreTest', 'Normal Anxiety']",['High PostTest'],0.009900990099009901,1.0,1.0687830687830686
"['Moderate TP', 'High PreTest', 'Moderate CN', 'Normal Anxiety']",['High PostTest'],0.01485148514851485,1.0,1.0687830687830686
"['Severe Anxiety', 'Positive Delta', 'High PreTest', 'Normal Depression']",['High PostTest'],0.009900990099009901,1.0,1.0687830687830686
"['Severe Anxiety', 'Positive Delta', 'High PreTest', 'Normal Stress']",['High PostTest'],0.009900990099009901,1.0,1.0687830687830686
"['High TP', 'Moderate Anxiety', 'Low CN', 'Low ESF']",['High PostTest'],0.0049504950495049506,1.0,1.0687830687830686
"['High TP', 'Low CN', 'Moderate TN', 'Low ESF']",['High PostTest'],0.0049504950495049506,1.0,1.0687830687830686
"['High TP', 'Moderate CRF', 'Low CN', 'Severe Anxiety']",['High PostTest'],0.009900990099009901,1.0,1.0687830687830686
"['High TP', 'Positive Delta', 'Low CN', 'Moderate Depression']",['High PostTest'],0.009900990099009901,1.0,1.0687830687830686
"['High TP', 'Severe Anxiety', 'Low CN', 'Moderate ESF']",['High PostTest'],0.009900990099009901,1.0,1.0687830687830686
"['High TP', 'Low CN', 'Moderate TN', 'Normal Anxiety']",['High PostTest'],0.0049504950495049506,1.0,1.0687830687830686
"['High TP', 'Moderate Anxiety', 'Normal Depression', 'Low ESF']",['High PostTest'],0.0049504950495049506,1.0,1.0687830687830686
"['High TP', 'Moderate CN', 'Normal Depression', 'Low ESF']",['High PostTest'],0.0049504950495049506,1.0,1.0687830687830686
"['High TP', 'Normal Depression', 'Moderate TN', 'Low ESF']",['High PostTest'],0.009900990099009901,1.0,1.0687830687830686
"['High TP', 'Mild Depression', 'Moderate CP', 'Low TN']",['High PostTest'],0.0049504950495049506,1.0,1.0687830687830686
"['High TP', 'Moderate CP', 'Low TN', 'Moderate PreTest']",['High PostTest'],0.009900990099009901,1.0,1.0687830687830686
"['High TP', 'Moderate CP', 'Negative Delta', 'Low TN']",['High PostTest'],0.0049504950495049506,1.0,1.0687830687830686
"['High TP', 'Mild Depression', 'Moderate CRF', 'Mild Anxiety']",['High PostTest'],0.009900990099009901,1.0,1.0687830687830686
"['High TP', 'Mild Depression', 'Positive Delta', 'Mild Anxiety']",['High PostTest'],0.009900990099009901,1.0,1.0687830687830686
"['High TP', 'Moderate CRF', 'Mild Anxiety', 'Moderate CN']",['High PostTest'],0.01485148514851485,1.0,1.0687830687830686
"['High TP', 'Positive Delta', 'Mild Anxiety', 'Moderate CN']",['High PostTest'],0.01485148514851485,1.0,1.0687830687830686
"['High TP', 'Moderate CP', 'Mild Anxiety', 'Normal Depression']",['High PostTest'],0.0049504950495049506,1.0,1.0687830687830686
"['High TP', 'Moderate CRF', 'Negative Delta', 'Mild Anxiety']",['High PostTest'],0.009900990099009901,1.0,1.0687830687830686
"['High TP', 'Mild Depression', 'Moderate CN', 'Normal Stress']",['High PostTest'],0.01485148514851485,1.0,1.0687830687830686
"['High TP', 'Mild Depression', 'Moderate CRF', 'Normal Anxiety']",['High PostTest'],0.009900990099009901,1.0,1.0687830687830686
"['High TP', 'Mild Depression', 'Moderate PreTest', 'Normal Anxiety']",['High PostTest'],0.0049504950495049506,1.0,1.0687830687830686
"['High TP', 'Mild Depression', 'Moderate TN', 'Normal Anxiety']",['High PostTest'],0.0049504950495049506,1.0,1.0687830687830686
"['High TP', 'Mild Depression', 'Positive Delta', 'Normal Anxiety']",['High PostTest'],0.01485148514851485,1.0,1.0687830687830686
"['High TP', 'Moderate CP', 'Moderate Anxiety', 'Normal Stress']",['High PostTest'],0.01485148514851485,1.0,1.0687830687830686
"['High TP', 'Moderate CP', 'Moderate CN', 'Moderate PreTest']",['High PostTest'],0.0049504950495049506,1.0,1.0687830687830686
"['High TP', 'Moderate CP', 'Moderate CN', 'Normal Stress']",['High PostTest'],0.01485148514851485,1.0,1.0687830687830686
"['High TP', 'Moderate CN', 'Moderate PreTest', 'Normal Anxiety']",['High PostTest'],0.009900990099009901,1.0,1.0687830687830686
"['High TP', 'Moderate CN', 'Moderate PreTest', 'Normal Depression']",['High PostTest'],0.009900990099009901,1.0,1.0687830687830686
"['High TP', 'Moderate CN', 'Moderate PreTest', 'Normal Stress']",['High PostTest'],0.01485148514851485,1.0,1.0687830687830686
"['High TP', 'Moderate CN', 'Severe Anxiety', 'Normal Stress']",['High PostTest'],0.0049504950495049506,1.0,1.0687830687830686
"['High TP', 'Moderate CP', 'Moderate CRF', 'Moderate PreTest']",['High PostTest'],0.01485148514851485,1.0,1.0687830687830686
"['High TP', 'Moderate CP', 'Moderate PreTest', 'Moderate ESF']",['High PostTest'],0.009900990099009901,1.0,1.0687830687830686
"['High TP', 'Moderate CP', 'Moderate PreTest', 'Normal Anxiety']",['High PostTest'],0.0049504950495049506,1.0,1.0687830687830686
"['High TP', 'Moderate CP', 'Moderate PreTest', 'Normal Depression']",['High PostTest'],0.009900990099009901,1.0,1.0687830687830686
"['High TP', 'Moderate CP', 'Normal Stress', 'Moderate PreTest']",['High PostTest'],0.01485148514851485,1.0,1.0687830687830686
"['High TP', 'Moderate CRF', 'Negative Delta', 'Severe Anxiety']",['High PostTest'],0.0049504950495049506,1.0,1.0687830687830686
"['High TP', 'Moderate CRF', 'Severe Anxiety', 'Normal Depression']",['High PostTest'],0.009900990099009901,1.0,1.0687830687830686
"['High TP', 'Moderate CRF', 'Normal Stress', 'Severe Anxiety']",['High PostTest'],0.01485148514851485,1.0,1.0687830687830686
"['High TP', 'Negative Delta', 'Severe Anxiety', 'Moderate ESF']",['High PostTest'],0.0049504950495049506,1.0,1.0687830687830686
"['High TP', 'Normal Depression', 'Severe Anxiety', 'Moderate ESF']",['High PostTest'],0.009900990099009901,1.0,1.0687830687830686
"['High TP', 'Normal Stress', 'Severe Anxiety', 'Moderate ESF']",['High PostTest'],0.01485148514851485,1.0,1.0687830687830686
"['High TP', 'Moderate PreTest', 'Moderate TN', 'Normal Anxiety']",['High PostTest'],0.0049504950495049506,1.0,1.0687830687830686
"['High TP', 'Normal Depression', 'Moderate PreTest', 'Moderate TN']",['High PostTest'],0.01485148514851485,1.0,1.0687830687830686
"['Low CN', 'Moderate CRF', 'Negative Delta', 'Mild Anxiety']",['High PostTest'],0.0049504950495049506,1.0,1.0687830687830686
"['Low CN', 'Positive Delta', 'Mild Anxiety', 'Moderate TN']",['High PostTest'],0.01485148514851485,1.0,1.0687830687830686
"['Low CN', 'Negative Delta', 'Mild Anxiety', 'Normal Depression']",['High PostTest'],0.009900990099009901,1.0,1.0687830687830686
"['Low CN', 'Mild Depression', 'Moderate CP', 'Normal Anxiety']",['High PostTest'],0.0049504950495049506,1.0,1.0687830687830686
"['Low CN', 'Mild Depression', 'Positive Delta', 'Normal Anxiety']",['High PostTest'],0.01485148514851485,1.0,1.0687830687830686
"['Low CN', 'Moderate CP', 'Moderate Anxiety', 'Moderate PreTest']",['High PostTest'],0.009900990099009901,1.0,1.0687830687830686
"['Low CN', 'Moderate CP', 'Moderate Anxiety', 'Normal Depression']",['High PostTest'],0.0049504950495049506,1.0,1.0687830687830686
"['Low CN', 'Moderate TP', 'Moderate Anxiety', 'Normal Depression']",['High PostTest'],0.009900990099009901,1.0,1.0687830687830686
"['Low CN', 'Moderate CRF', 'Severe Anxiety', 'Normal Depression']",['High PostTest'],0.009900990099009901,1.0,1.0687830687830686
"['Low CN', 'Normal Depression', 'Severe Anxiety', 'Moderate ESF']",['High PostTest'],0.009900990099009901,1.0,1.0687830687830686
"['Low CN', 'Normal Depression', 'Moderate PreTest', 'Moderate TN']",['High PostTest'],0.009900990099009901,1.0,1.0687830687830686
"['Low CN', 'Positive Delta', 'Moderate TN', 'Normal Anxiety']",['High PostTest'],0.0049504950495049506,1.0,1.0687830687830686
"['Mild Depression', 'Moderate CRF', 'Mild Anxiety', 'Low TN']",['High PostTest'],0.0049504950495049506,1.0,1.0687830687830686
"['Mild Depression', 'Positive Delta', 'Mild Anxiety', 'Low TN']",['High PostTest'],0.0049504950495049506,1.0,1.0687830687830686
"['Moderate CRF', 'Negative Delta', 'Mild Anxiety', 'Low TN']",['High PostTest'],0.0049504950495049506,1.0,1.0687830687830686
"['Moderate ESF', 'Mild Depression', 'Moderate CP', 'Low TN']",['High PostTest'],0.009900990099009901,1.0,1.0687830687830686
"['Mild Depression', 'Moderate CRF', 'Low TN', 'Moderate PreTest']",['High PostTest'],0.0049504950495049506,1.0,1.0687830687830686
"['Mild Depression', 'Moderate CRF', 'Low TN', 'Normal Anxiety']",['High PostTest'],0.009900990099009901,1.0,1.0687830687830686
"['Moderate ESF', 'Mild Depression', 'Moderate TP', 'Low TN']",['High PostTest'],0.0049504950495049506,1.0,1.0687830687830686
"['Mild Depression', 'Positive Delta', 'Low TN', 'Normal Anxiety']",['High PostTest'],0.009900990099009901,1.0,1.0687830687830686
"['Moderate Anxiety', 'Moderate CP', 'Low TN', 'Moderate ESF']",['High PostTest'],0.0049504950495049506,1.0,1.0687830687830686
"['Moderate Anxiety', 'Low TN', 'Moderate ESF', 'Moderate PreTest']",['High PostTest'],0.01485148514851485,1.0,1.0687830687830686
"['Moderate Anxiety', 'Moderate TP', 'Low TN', 'Moderate ESF']",['High PostTest'],0.0049504950495049506,1.0,1.0687830687830686
"['Moderate Anxiety', 'Normal Stress', 'Low TN', 'Moderate PreTest']",['High PostTest'],0.01485148514851485,1.0,1.0687830687830686
"['Moderate CRF', 'Negative Delta', 'Mild Anxiety', 'Normal Depression']",['High PostTest'],0.009900990099009901,1.0,1.0687830687830686
"['Moderate CRF', 'Negative Delta', 'Mild Anxiety', 'Normal Stress']",['High PostTest'],0.009900990099009901,1.0,1.0687830687830686
"['Mild Depression', 'Moderate CRF', 'Moderate CN', 'Normal Anxiety']",['High PostTest'],0.0049504950495049506,1.0,1.0687830687830686
"['Mild Depression', 'Positive Delta', 'Moderate CRF', 'Normal Anxiety']",['High PostTest'],0.01485148514851485,1.0,1.0687830687830686
"['Moderate Anxiety', 'Moderate CN', 'Moderate PreTest', 'Normal Depression']",['High PostTest'],0.0049504950495049506,1.0,1.0687830687830686
"['Moderate Anxiety', 'Moderate CP', 'Moderate PreTest', 'Normal Depression']",['High PostTest'],0.0049504950495049506,1.0,1.0687830687830686
"['Moderate Anxiety', 'Moderate CRF', 'Moderate PreTest', 'Normal Depression']",['High PostTest'],0.01485148514851485,1.0,1.0687830687830686
"['Moderate Anxiety', 'Normal Depression', 'Moderate PreTest', 'Moderate ESF']",['High PostTest'],0.01485148514851485,1.0,1.0687830687830686
"['Moderate Anxiety', 'Normal Depression', 'Moderate PreTest', 'Moderate TN']",['High PostTest'],0.0049504950495049506,1.0,1.0687830687830686
"['Moderate Anxiety', 'Moderate TP', 'Moderate PreTest', 'Normal Depression']",['High PostTest'],0.0049504950495049506,1.0,1.0687830687830686
"['Moderate Anxiety', 'Normal Stress', 'Moderate PreTest', 'Normal Depression']",['High PostTest'],0.01485148514851485,1.0,1.0687830687830686
"['Severe Anxiety', 'Positive Delta', 'Moderate CN', 'Normal Depression']",['High PostTest'],0.0049504950495049506,1.0,1.0687830687830686
"['Severe Anxiety', 'Positive Delta', 'Moderate CN', 'Normal Stress']",['High PostTest'],0.0049504950495049506,1.0,1.0687830687830686
"['Moderate ESF', 'Moderate CRF', 'Moderate TP', 'Severe Anxiety']",['High PostTest'],0.009900990099009901,1.0,1.0687830687830686
"['Severe Anxiety', 'Moderate CRF', 'Moderate TP', 'Positive Delta']",['High PostTest'],0.009900990099009901,1.0,1.0687830687830686
"['Severe Anxiety', 'Moderate CRF', 'Positive Delta', 'Normal Depression']",['High PostTest'],0.01485148514851485,1.0,1.0687830687830686
"['Moderate ESF', 'Moderate TP', 'Severe Anxiety', 'Moderate TN']",['High PostTest'],0.0049504950495049506,1.0,1.0687830687830686
"['Moderate ESF', 'Moderate TP', 'Positive Delta', 'Severe Anxiety']",['High PostTest'],0.009900990099009901,1.0,1.0687830687830686
"['Moderate ESF', 'Positive Delta', 'Severe Anxiety', 'Normal Depression']",['High PostTest'],0.01485148514851485,1.0,1.0687830687830686
"['Severe Anxiety', 'Moderate TP', 'Positive Delta', 'Normal Depression']",['High PostTest'],0.0049504950495049506,1.0,1.0687830687830686
"['Severe Anxiety', 'Moderate TP', 'Positive Delta', 'Normal Stress']",['High PostTest'],0.0049504950495049506,1.0,1.0687830687830686
['High CN'],['Negative Delta'],0.0049504950495049506,0.33333333333333337,1.6833333333333333
['Low PreTest'],['Positive Delta'],0.0049504950495049506,1.0,1.2469135802469136
['Low TP'],['Positive Delta'],0.009900990099009901,1.0,1.2469135802469136
['Moderate Stress'],['Positive Delta'],0.01485148514851485,1.0,1.2469135802469136
"['High CN', 'High PostTest']",['Positive Delta'],0.009900990099009901,1.0,1.2469135802469136
"['High TP', 'High CN']",['Positive Delta'],0.0049504950495049506,1.0,1.2469135802469136
"['Moderate CRF', 'High CN']",['Positive Delta'],0.0049504950495049506,1.0,1.2469135802469136
"['High CN', 'Normal Depression']",['Positive Delta'],0.0049504950495049506,1.0,1.2469135802469136
"['Normal Stress', 'High CN']",['Positive Delta'],0.0049504950495049506,1.0,1.2469135802469136
"['Moderate Stress', 'High CP']",['Positive Delta'],0.0049504950495049506,1.0,1.2469135802469136
"['High CRF', 'Low ESF']",['Positive Delta'],0.0049504950495049506,1.0,1.2469135802469136
"['Mild Depression', 'High ESF']",['Positive Delta'],0.009900990099009901,1.0,1.2469135802469136
"['High TN', 'Moderate PreTest']",['Positive Delta'],0.0049504950495049506,1.0,1.2469135802469136
"['High TN', 'Normal Depression']",['Positive Delta'],0.0049504950495049506,1.0,1.2469135802469136
"['High TN', 'Normal Stress']",['Positive Delta'],0.0049504950495049506,1.0,1.2469135802469136
"['High TP', 'Moderate Stress']",['Positive Delta'],0.0049504950495049506,1.0,1.2469135802469136
"['Low CN', 'Low TP']",['Positive Delta'],0.0049504950495049506,1.0,1.2469135802469136
"['Mild Depression', 'Low ESF']",['Positive Delta'],0.0049504950495049506,1.0,1.2469135802469136
"['Severe Anxiety', 'Low ESF']",['Positive Delta'],0.0049504950495049506,1.0,1.2469135802469136
"['Mild Stress', 'Low TN']",['Positive Delta'],0.0049504950495049506,1.0,1.2469135802469136
"['Severe Anxiety', 'Low TN']",['Positive Delta'],0.009900990099009901,1.0,1.2469135802469136
"['Low TP', 'Moderate ESF']",['Positive Delta'],0.0049504950495049506,1.0,1.2469135802469136
"['Low TP', 'Normal Stress']",['Positive Delta'],0.0049504950495049506,1.0,1.2469135802469136
"['Mild Stress', 'Moderate PreTest']",['Positive Delta'],0.009900990099009901,1.0,1.2469135802469136
"['Moderate PreTest', 'Moderate Depression']",['Positive Delta'],0.009900990099009901,1.0,1.2469135802469136
"['Normal Anxiety', 'Moderate Depression']",['Positive Delta'],0.0049504950495049506,1.0,1.2469135802469136
"['Severe Anxiety', 'Moderate PreTest']",['Positive Delta'],0.009900990099009901,1.0,1.2469135802469136
"['High CN', 'High CP', 'High PostTest']",['Positive Delta'],0.0049504950495049506,1.0,1.2469135802469136
"['Moderate ESF', 'High CN', 'High CP']",['Positive Delta'],0.0049504950495049506,1.0,1.2469135802469136
"['High PreTest', 'High CN', 'High PostTest']",['Positive Delta'],0.0049504950495049506,1.0,1.2469135802469136
"['Moderate ESF', 'High PreTest', 'High CN']",['Positive Delta'],0.0049504950495049506,1.0,1.2469135802469136
"['Moderate ESF', 'High TN', 'High CP']",['Positive Delta'],0.009900990099009901,1.0,1.2469135802469136
"['Mild Stress', 'Moderate PreTest', 'High CP']",['Positive Delta'],0.0049504950495049506,1.0,1.2469135802469136
"['Moderate PreTest', 'High CP', 'Moderate Depression']",['Positive Delta'],0.0049504950495049506,1.0,1.2469135802469136
"['Severe Anxiety', 'Moderate PreTest', 'High CP']",['Positive Delta'],0.0049504950495049506,1.0,1.2469135802469136
"['Severe Anxiety', 'Normal Depression', 'High CP']",['Positive Delta'],0.0049504950495049506,1.0,1.2469135802469136
"['Severe Anxiety', 'Normal Stress', 'High CP']",['Positive Delta'],0.009900990099009901,1.0,1.2469135802469136
"['High TP', 'Moderate CP', 'High CRF']",['Positive Delta'],0.0049504950495049506,1.0,1.2469135802469136
"['Low CN', 'Moderate CP', 'High CRF']",['Positive Delta'],0.0049504950495049506,1.0,1.2469135802469136
"['Low CN', 'Moderate TP', 'High CRF']",['Positive Delta'],0.0049504950495049506,1.0,1.2469135802469136
"['Moderate CP', 'Low TN', 'High CRF']",['Positive Delta'],0.0049504950495049506,1.0,1.2469135802469136
"['Moderate TP', 'Low TN', 'High CRF']",['Positive Delta'],0.0049504950495049506,1.0,1.2469135802469136
"['Moderate Anxiety', 'Mild Depression', 'High CRF']",['Positive Delta'],0.0049504950495049506,1.0,1.2469135802469136
"['Mild Depression', 'High CRF', 'Moderate PreTest']",['Positive Delta'],0.0049504950495049506,1.0,1.2469135802469136
"['Moderate Anxiety', 'High CRF', 'Moderate PreTest']",['Positive Delta'],0.009900990099009901,1.0,1.2469135802469136
"['Moderate CN', 'High CRF', 'Moderate PreTest']",['Positive Delta'],0.0049504950495049506,1.0,1.2469135802469136
"['Moderate CP', 'High CRF', 'Moderate PreTest']",['Positive Delta'],0.0049504950495049506,1.0,1.2469135802469136
"['Normal Stress', 'High CRF', 'Moderate Depression']",['Positive Delta'],0.0049504950495049506,1.0,1.2469135802469136
"['Moderate ESF', 'High CRF', 'Severe Anxiety']",['Positive Delta'],0.0049504950495049506,1.0,1.2469135802469136
"['High CRF', 'Moderate TN', 'Moderate PreTest']",['Positive Delta'],0.0049504950495049506,1.0,1.2469135802469136
"['Moderate TP', 'High CRF', 'Moderate PreTest']",['Positive Delta'],0.0049504950495049506,1.0,1.2469135802469136
"['High CRF', 'Moderate TN', 'Normal Anxiety']",['Positive Delta'],0.009900990099009901,1.0,1.2469135802469136
"['Moderate TP', 'High CRF', 'Normal Anxiety']",['Positive Delta'],0.0049504950495049506,1.0,1.2469135802469136
"['High ESF', 'Mild Anxiety', 'High PostTest']",['Positive Delta'],0.009900990099009901,1.0,1.2469135802469136
"['High ESF', 'Moderate CN', 'High PostTest']",['Positive Delta'],0.01485148514851485,1.0,1.2469135802469136
"['Low CN', 'High ESF', 'Mild Anxiety']",['Positive Delta'],0.0049504950495049506,1.0,1.2469135802469136
"['Moderate CRF', 'High ESF', 'Mild Anxiety']",['Positive Delta'],0.0049504950495049506,1.0,1.2469135802469136
"['Moderate CP', 'High ESF', 'Moderate CN']",['Positive Delta'],0.0049504950495049506,1.0,1.2469135802469136
"['High ESF', 'Moderate CN', 'Normal Anxiety']",['Positive Delta'],0.0049504950495049506,1.0,1.2469135802469136
"['Moderate CP', 'High ESF', 'Moderate PreTest']",['Positive Delta'],0.0049504950495049506,1.0,1.2469135802469136
"['Moderate CRF', 'High ESF', 'Moderate PreTest']",['Positive Delta'],0.0049504950495049506,1.0,1.2469135802469136
"['High ESF', 'Moderate PreTest', 'Normal Anxiety']",['Positive Delta'],0.0049504950495049506,1.0,1.2469135802469136
"['High ESF', 'Moderate TN', 'Normal Anxiety']",['Positive Delta'],0.0049504950495049506,1.0,1.2469135802469136
"['High ESF', 'Normal Depression', 'Moderate TN']",['Positive Delta'],0.009900990099009901,1.0,1.2469135802469136
"['Moderate TP', 'High ESF', 'Normal Anxiety']",['Positive Delta'],0.0049504950495049506,1.0,1.2469135802469136
"['Moderate TP', 'High ESF', 'Normal Depression']",['Positive Delta'],0.009900990099009901,1.0,1.2469135802469136
"['Moderate TP', 'High TN', 'High PostTest']",['Positive Delta'],0.0049504950495049506,1.0,1.2469135802469136
"['Moderate TP', 'Mild Stress', 'High PostTest']",['Positive Delta'],0.009900990099009901,1.0,1.2469135802469136
"['Mild Stress', 'Normal Depression', 'High PostTest']",['Positive Delta'],0.009900990099009901,1.0,1.2469135802469136
"['Normal Anxiety', 'High PreTest', 'Low ESF']",['Positive Delta'],0.01485148514851485,1.0,1.2469135802469136
"['Severe Anxiety', 'Mild Depression', 'High PreTest']",['Positive Delta'],0.0049504950495049506,1.0,1.2469135802469136
"['Moderate ESF', 'High PreTest', 'Moderate Stress']",['Positive Delta'],0.0049504950495049506,1.0,1.2469135802469136
"['Moderate CP', 'Moderate CRF', 'High TN']",['Positive Delta'],0.0049504950495049506,1.0,1.2469135802469136
"['High TP', 'Low TN', 'Severe Anxiety']",['Positive Delta'],0.0049504950495049506,1.0,1.2469135802469136
"['High TP', 'Moderate CP', 'Mild Anxiety']",['Positive Delta'],0.009900990099009901,1.0,1.2469135802469136
"['High TP', 'Mild Depression', 'Severe Anxiety']",['Positive Delta'],0.0049504950495049506,1.0,1.2469135802469136
"['High TP', 'Moderate PreTest', 'Moderate Depression']",['Positive Delta'],0.0049504950495049506,1.0,1.2469135802469136
"['Low CN', 'Moderate Anxiety', 'Low ESF']",['Positive Delta'],0.009900990099009901,1.0,1.2469135802469136
"['Low CN', 'Moderate CP', 'Low ESF']",['Positive Delta'],0.0049504950495049506,1.0,1.2469135802469136
"['Low CN', 'Mild Stress', 'Normal Depression']",['Positive Delta'],0.0049504950495049506,1.0,1.2469135802469136
"['Low CN', 'Moderate CRF', 'Severe Anxiety']",['Positive Delta'],0.01485148514851485,1.0,1.2469135802469136
"['Low CN', 'Moderate ESF', 'Moderate Depression']",['Positive Delta'],0.0049504950495049506,1.0,1.2469135802469136
"['Low CN', 'Severe Anxiety', 'Moderate ESF']",['Positive Delta'],0.01485148514851485,1.0,1.2469135802469136
"['Low CN', 'Moderate TP', 'Severe Anxiety']",['Positive Delta'],0.0049504950495049506,1.0,1.2469135802469136
"['Moderate CP', 'Low TN', 'Low ESF']",['Positive Delta'],0.0049504950495049506,1.0,1.2469135802469136
"['Moderate TP', 'Low TN', 'Low ESF']",['Positive Delta'],0.0049504950495049506,1.0,1.2469135802469136
"['Mild Anxiety', 'Moderate TN', 'Low ESF']",['Positive Delta'],0.0049504950495049506,1.0,1.2469135802469136
"['Moderate Anxiety', 'Moderate PreTest', 'Low ESF']",['Positive Delta'],0.0049504950495049506,1.0,1.2469135802469136
"['Moderate CN', 'Moderate PreTest', 'Low ESF']",['Positive Delta'],0.0049504950495049506,1.0,1.2469135802469136
"['Normal Anxiety', 'Moderate CN', 'Low ESF']",['Positive Delta'],0.0049504950495049506,1.0,1.2469135802469136
"['Moderate CP', 'Moderate PreTest', 'Low ESF']",['Positive Delta'],0.0049504950495049506,1.0,1.2469135802469136
"['Moderate PreTest', 'Moderate TN', 'Low ESF']",['Positive Delta'],0.0049504950495049506,1.0,1.2469135802469136
"['Normal Anxiety', 'Moderate TN', 'Low ESF']",['Positive Delta'],0.0049504950495049506,1.0,1.2469135802469136
"['Moderate Anxiety', 'Moderate CP', 'Low TN']",['Positive Delta'],0.009900990099009901,1.0,1.2469135802469136
"['Moderate Anxiety', 'Moderate TP', 'Low TN']",['Positive Delta'],0.009900990099009901,1.0,1.2469135802469136
"['Moderate CN', 'Low TN', 'Moderate PreTest']",['Positive Delta'],0.0049504950495049506,1.0,1.2469135802469136
"['Severe Anxiety', 'Moderate CRF', 'Low TN']",['Positive Delta'],0.0049504950495049506,1.0,1.2469135802469136
"['Moderate ESF', 'Low TN', 'Severe Anxiety']",['Positive Delta'],0.0049504950495049506,1.0,1.2469135802469136
"['Mild Depression', 'Mild Anxiety', 'Moderate CN']",['Positive Delta'],0.0049504950495049506,1.0,1.2469135802469136
"['Mild Depression', 'Moderate CP', 'Mild Anxiety']",['Positive Delta'],0.0049504950495049506,1.0,1.2469135802469136
"['Mild Depression', 'Mild Anxiety', 'Moderate PreTest']",['Positive Delta'],0.0049504950495049506,1.0,1.2469135802469136
"['Mild Anxiety', 'Moderate CN', 'Moderate PreTest']",['Positive Delta'],0.0049504950495049506,1.0,1.2469135802469136
"['Mild Anxiety', 'Normal Stress', 'Moderate Depression']",['Positive Delta'],0.0049504950495049506,1.0,1.2469135802469136
"['Moderate ESF', 'Mild Stress', 'Moderate TP']",['Positive Delta'],0.0049504950495049506,1.0,1.2469135802469136
"['Moderate CRF', 'Moderate PreTest', 'Moderate Depression']",['Positive Delta'],0.0049504950495049506,1.0,1.2469135802469136
"['Severe Anxiety', 'Moderate CRF', 'Moderate PreTest']",['Positive Delta'],0.0049504950495049506,1.0,1.2469135802469136
"['Normal Stress', 'Moderate PreTest', 'Moderate Depression']",['Positive Delta'],0.0049504950495049506,1.0,1.2469135802469136
"['Moderate ESF', 'Moderate PreTest', 'Severe Anxiety']",['Positive Delta'],0.0049504950495049506,1.0,1.2469135802469136
"['Severe Anxiety', 'Moderate PreTest', 'Normal Depression']",['Positive Delta'],0.0049504950495049506,1.0,1.2469135802469136
"['Moderate CRF', 'High ESF', 'High CP', 'High PostTest']",['Positive Delta'],0.01485148514851485,1.0,1.2469135802469136
"['Moderate CRF', 'High ESF', 'High CP', 'Normal Anxiety']",['Positive Delta'],0.0049504950495049506,1.0,1.2469135802469136
"['Moderate Depression', 'Normal Stress', 'High CP', 'High PostTest']",['Positive Delta'],0.0049504950495049506,1.0,1.2469135802469136
"['Moderate ESF', 'High PreTest', 'High TN', 'High CP']",['Positive Delta'],0.0049504950495049506,1.0,1.2469135802469136
"['Mild Stress', 'High PreTest', 'Normal Depression', 'High CP']",['Positive Delta'],0.0049504950495049506,1.0,1.2469135802469136
"['Severe Anxiety', 'High PreTest', 'Normal Stress', 'High CP']",['Positive Delta'],0.0049504950495049506,1.0,1.2469135802469136
"['Low CN', 'Moderate CRF', 'Mild Stress', 'High CP']",['Positive Delta'],0.0049504950495049506,1.0,1.2469135802469136
"['Low CN', 'Mild Stress', 'Moderate ESF', 'High CP']",['Positive Delta'],0.0049504950495049506,1.0,1.2469135802469136
"['Normal Stress', 'Moderate CN', 'High CP', 'Low ESF']",['Positive Delta'],0.0049504950495049506,1.0,1.2469135802469136
"['Mild Depression', 'Moderate TN', 'High CP', 'Normal Anxiety']",['Positive Delta'],0.0049504950495049506,1.0,1.2469135802469136
"['Moderate CRF', 'Mild Stress', 'Normal Depression', 'High CP']",['Positive Delta'],0.0049504950495049506,1.0,1.2469135802469136
"['Normal Depression', 'Moderate CN', 'Moderate PreTest', 'High CP']",['Positive Delta'],0.01485148514851485,1.0,1.2469135802469136
"['Moderate TN', 'Moderate PreTest', 'High CP', 'Normal Anxiety']",['Positive Delta'],0.009900990099009901,1.0,1.2469135802469136
"['Moderate ESF', 'High PreTest', 'High CRF', 'Moderate Depression']",['Positive Delta'],0.0049504950495049506,1.0,1.2469135802469136
"['Low CN', 'Moderate Anxiety', 'High CRF', 'Moderate PreTest']",['Positive Delta'],0.0049504950495049506,1.0,1.2469135802469136
"['Moderate Anxiety', 'High CRF', 'Moderate ESF', 'Moderate PreTest']",['Positive Delta'],0.0049504950495049506,1.0,1.2469135802469136
"['Moderate Anxiety', 'Normal Stress', 'High CRF', 'Moderate ESF']",['Positive Delta'],0.01485148514851485,1.0,1.2469135802469136
"['Moderate Anxiety', 'Normal Stress', 'High CRF', 'Moderate PreTest']",['Positive Delta'],0.0049504950495049506,1.0,1.2469135802469136
"['Moderate Anxiety', 'Normal Depression', 'High CRF', 'Moderate TN']",['Positive Delta'],0.0049504950495049506,1.0,1.2469135802469136
"['Moderate Anxiety', 'Normal Stress', 'High CRF', 'Moderate TN']",['Positive Delta'],0.0049504950495049506,1.0,1.2469135802469136
"['Moderate CN', 'High CRF', 'Normal Depression', 'Normal Anxiety']",['Positive Delta'],0.0049504950495049506,1.0,1.2469135802469136
"['Moderate ESF', 'High CRF', 'Moderate TN', 'Normal Anxiety']",['Positive Delta'],0.0049504950495049506,1.0,1.2469135802469136
"['Normal Depression', 'High CRF', 'Moderate TN', 'Normal Anxiety']",['Positive Delta'],0.0049504950495049506,1.0,1.2469135802469136
"['High ESF', 'High PreTest', 'Mild Anxiety', 'High PostTest']",['Positive Delta'],0.0049504950495049506,1.0,1.2469135802469136
"['High TP', 'High ESF', 'Mild Anxiety', 'High PostTest']",['Positive Delta'],0.0049504950495049506,1.0,1.2469135802469136
"['High TP', 'High ESF', 'Moderate CN', 'High PostTest']",['Positive Delta'],0.0049504950495049506,1.0,1.2469135802469136
"['High ESF', 'Moderate CN', 'Normal Stress', 'High PostTest']",['Positive Delta'],0.009900990099009901,1.0,1.2469135802469136
"['Moderate CRF', 'High ESF', 'Moderate TN', 'High PostTest']",['Positive Delta'],0.009900990099009901,1.0,1.2469135802469136
"['Moderate Anxiety', 'High ESF', 'High PreTest', 'Normal Depression']",['Positive Delta'],0.0049504950495049506,1.0,1.2469135802469136
"['Moderate TP', 'High ESF', 'High PreTest', 'Normal Depression']",['Positive Delta'],0.0049504950495049506,1.0,1.2469135802469136
"['High TP', 'High ESF', 'Normal Depression', 'Moderate TN']",['Positive Delta'],0.0049504950495049506,1.0,1.2469135802469136
"['Low CN', 'High ESF', 'Moderate TP', 'Normal Depression']",['Positive Delta'],0.0049504950495049506,1.0,1.2469135802469136
"['Mild Stress', 'High PreTest', 'Normal Depression', 'High PostTest']",['Positive Delta'],0.0049504950495049506,1.0,1.2469135802469136
"['High TP', 'Normal Stress', 'Moderate Depression', 'High PostTest']",['Positive Delta'],0.0049504950495049506,1.0,1.2469135802469136
"['Low CN', 'Moderate CRF', 'Moderate Depression', 'High PostTest']",['Positive Delta'],0.009900990099009901,1.0,1.2469135802469136
"['Low CN', 'Normal Stress', 'Moderate Depression', 'High PostTest']",['Positive Delta'],0.009900990099009901,1.0,1.2469135802469136
"['Moderate CRF', 'Mild Stress', 'Normal Depression', 'High PostTest']",['Positive Delta'],0.0049504950495049506,1.0,1.2469135802469136
"['Low CN', 'Moderate CP', 'High PreTest', 'Mild Anxiety']",['Positive Delta'],0.009900990099009901,1.0,1.2469135802469136
"['Low CN', 'Moderate TP', 'High PreTest', 'Mild Anxiety']",['Positive Delta'],0.0049504950495049506,1.0,1.2469135802469136
"['Low CN', 'Moderate CRF', 'Mild Stress', 'High PreTest']",['Positive Delta'],0.0049504950495049506,1.0,1.2469135802469136
"['Low CN', 'Mild Stress', 'High PreTest', 'Moderate ESF']",['Positive Delta'],0.0049504950495049506,1.0,1.2469135802469136
"['Low CN', 'Moderate CRF', 'High PreTest', 'Severe Anxiety']",['Positive Delta'],0.0049504950495049506,1.0,1.2469135802469136
"['Low CN', 'High PreTest', 'Severe Anxiety', 'Moderate ESF']",['Positive Delta'],0.0049504950495049506,1.0,1.2469135802469136
"['Low CN', 'High PreTest', 'Severe Anxiety', 'Normal Depression']",['Positive Delta'],0.0049504950495049506,1.0,1.2469135802469136
"['Low CN', 'High PreTest', 'Normal Stress', 'Severe Anxiety']",['Positive Delta'],0.0049504950495049506,1.0,1.2469135802469136
"['Moderate TP', 'High PreTest', 'Low TN', 'Mild Anxiety']",['Positive Delta'],0.0049504950495049506,1.0,1.2469135802469136
"['Mild Depression', 'High PreTest', 'Moderate TN', 'Normal Anxiety']",['Positive Delta'],0.0049504950495049506,1.0,1.2469135802469136
"['High TP', 'Moderate Anxiety', 'Low CN', 'Low ESF']",['Positive Delta'],0.0049504950495049506,1.0,1.2469135802469136
"['High TP', 'Moderate Anxiety', 'Normal Depression', 'Low ESF']",['Positive Delta'],0.0049504950495049506,1.0,1.2469135802469136
"['High TP', 'Moderate CN', 'Normal Depression', 'Low ESF']",['Positive Delta'],0.0049504950495049506,1.0,1.2469135802469136
"['High TP', 'Moderate CP', 'Mild Anxiety', 'Normal Depression']",['Positive Delta'],0.0049504950495049506,1.0,1.2469135802469136
"['High TP', 'Mild Depression', 'Moderate TN', 'Normal Anxiety']",['Positive Delta'],0.0049504950495049506,1.0,1.2469135802469136
"['High TP', 'Moderate CP', 'Moderate CN', 'Moderate PreTest']",['Positive Delta'],0.0049504950495049506,1.0,1.2469135802469136
"['High TP', 'Moderate CP', 'Moderate CN', 'Normal Stress']",['Positive Delta'],0.01485148514851485,1.0,1.2469135802469136
"['High TP', 'Moderate CN', 'Moderate PreTest', 'Normal Depression']",['Positive Delta'],0.009900990099009901,1.0,1.2469135802469136
"['High TP', 'Moderate CN', 'Moderate PreTest', 'Normal Stress']",['Positive Delta'],0.01485148514851485,1.0,1.2469135802469136
"['High TP', 'Moderate CP', 'Moderate PreTest', 'Moderate ESF']",['Positive Delta'],0.009900990099009901,1.0,1.2469135802469136
"['High TP', 'Moderate CP', 'Moderate PreTest', 'Normal Anxiety']",['Positive Delta'],0.0049504950495049506,1.0,1.2469135802469136
"['High TP', 'Moderate CP', 'Moderate PreTest', 'Normal Depression']",['Positive Delta'],0.009900990099009901,1.0,1.2469135802469136
"['High TP', 'Moderate PreTest', 'Moderate TN', 'Normal Anxiety']",['Positive Delta'],0.0049504950495049506,1.0,1.2469135802469136
"['High TP', 'Normal Depression', 'Moderate PreTest', 'Moderate TN']",['Positive Delta'],0.01485148514851485,1.0,1.2469135802469136
"['Low CN', 'Moderate CP', 'Moderate Anxiety', 'Normal Depression']",['Positive Delta'],0.0049504950495049506,1.0,1.2469135802469136
"['Low CN', 'Moderate TP', 'Moderate Anxiety', 'Normal Depression']",['Positive Delta'],0.009900990099009901,1.0,1.2469135802469136
"['Low CN', 'Normal Depression', 'Moderate PreTest', 'Moderate TN']",['Positive Delta'],0.009900990099009901,1.0,1.2469135802469136
"['Mild Depression', 'Moderate CRF', 'Low TN', 'Moderate PreTest']",['Positive Delta'],0.0049504950495049506,1.0,1.2469135802469136
"['Moderate ESF', 'Mild Depression', 'Moderate TP', 'Low TN']",['Positive Delta'],0.0049504950495049506,1.0,1.2469135802469136
"['Moderate Anxiety', 'Moderate CP', 'Low TN', 'Moderate ESF']",['Positive Delta'],0.0049504950495049506,1.0,1.2469135802469136
"['Moderate Anxiety', 'Moderate TP', 'Low TN', 'Moderate ESF']",['Positive Delta'],0.0049504950495049506,1.0,1.2469135802469136
"['Mild Depression', 'Moderate CRF', 'Moderate CN', 'Normal Anxiety']",['Positive Delta'],0.0049504950495049506,1.0,1.2469135802469136
"['Moderate Anxiety', 'Moderate CN', 'Moderate PreTest', 'Normal Depression']",['Positive Delta'],0.0049504950495049506,1.0,1.2469135802469136
"['Moderate Anxiety', 'Moderate CP', 'Moderate PreTest', 'Normal Depression']",['Positive Delta'],0.0049504950495049506,1.0,1.2469135802469136
"['Moderate Anxiety', 'Normal Depression', 'Moderate PreTest', 'Moderate TN']",['Positive Delta'],0.0049504950495049506,1.0,1.2469135802469136
